company_name,address,city,state,zip,phone,source,status
I.E. - Pacific Inc.,150 West Crest Street,Escondido,CA,92025,(760) 294-7097,AGC San Diego,new
Alvarez and Shaw Inc.,2101 Alpine Blvd. Suite C,Alpine,CA,91901,(619) 383-4102,AGC San Diego,new
Turner Construction Company,350 Camino De La Reina Suite 105,San Diego,CA,92108,(858) 217-0700,AGC San Diego,new
R.J. Noble Company,4217 Ponderosa Avenue Suite G,San Diego,CA,92123,(858) 715-5600,AGC San Diego,new
C.E. Wylie Construction Co.,P.O. Box 2742,Rancho Santa Fe,CA,92067,(858) 756-0348,AGC San Diego,new
Romero General Construction Corp.,2150 N. Centre City Pkwy,Escondido,CA,92026,(760) 489-8412,AGC San Diego,new
M.A. Mortenson Company,700 Meadow Lane,Minneapolis,MN,55422,(763) 522-2100,AGC San Diego,new
Walsh Construction Company II LLC,1260 Corona Pointe Court Suite 201,Corona,CA,92879,(951) 336-7040,AGC San Diego,new
Fortified Foundations Inc.,43980 Mahlon Vail Road #1705,Temecula,CA,92592,(951) 553-1616,AGC San Diego,new
Pacific Building Group,9752 Aspen Creek Court Suite 150,San Diego,CA,92126,(858) 552-0600,AGC San Diego,new
Portillo Concrete Inc.,3527 Citrus Street,Lemon Grove,CA,91945,(619) 466-4639,AGC San Diego,new
Global Modular Inc.,450 Commerce Ave,Atwater,CA,95301,(209) 676-8029,AGC San Diego,new
E-4 Construction Inc. dba Cali Construction,12935 Pomerado Road Suite C,Poway,CA,92064,(619) 208-2401,AGC San Diego,new
M.A. Stevens Construction Inc.,125 East 17th Street,National City,CA,91950,(619) 477-7893,AGC San Diego,new
Bancroft Construction Services LLC,4840 Tarantella Lane,San Diego,CA,92130,(443) 254-4531,AGC San Diego,new
ProWest PCM Inc. dba ProWest Constructors,22710 Palomar Street,Wildomar,CA,92595,(951) 678-1038,AGC San Diego,new
Downstream Services,2855 Progress Place,Escondido,CA,92029,(760) 746-2544,AGC San Diego,new
Daley Corporation,P.O. Box 877,Lakeside,CA,92040,(858) 216-1775,AGC San Diego,new
The Haskell Company,101 West Broadway Suite 1240,San Diego,CA,92101,(949) 705-5987,AGC San Diego,new
PCL Construction,4350 Executive Drive Suite 270,San Diego,CA,92121,(858) 657-3400,AGC San Diego,new
Remcon Design Build,,San Diego,CA,,,,Houzz,new
ECO HOME BUILDERS INC,5560 Ruffin Road Suite 4,San Diego,CA,92123,,info@ecohomebuilders.com,Houzz,new
Paragon Builders,8369 Vickers St. Ste. 201,San Diego,CA,92111,,,Houzz,new
EMC General Contractors,,San Ysidro,CA,92173,,,Houzz,new
Falcon Builders Group,,San Diego,CA,92126,,,Houzz,new
Design Studio West,,San Diego,CA,,,,,Houzz,new
Creative Design & Build Inc,,San Diego,CA,92126,,,Houzz,new
Marrokal Design & Remodeling,,San Diego,CA,,,,,Houzz,new
Valley Habitats Inc.,,San Diego,CA,92122,,,Houzz,new
In N Out Remodeling,,San Diego,CA,,,,,Houzz,new
Fausto Construction Inc.,1223 3rd Ave. Suite E,Chula Vista,CA,91911,,,Houzz,new
ValueCrafters Remodeling Inc,,San Diego,CA,,,,,Houzz,new
California Home Center,41593 Winchester Rd,Temecula,CA,92590,,,Houzz,new
Wizdom Construction Inc.,347 3rd Avenue 2nd Floor,Chula Vista,CA,91910,,,Houzz,new
Groysman Construction,12484 Heatherton Ct #53,San Diego,CA,92128,,,Houzz,new
DS Legend Home Builders,,San Diego,CA,,,,,Houzz,new
Seven Home Improvement,,San Diego,CA,92130,,,Houzz,new
Ocean Drive Designs,,San Diego,CA,,,,,Houzz,new
